<?xml version="1.0"?>
<LobbySpecialWeekSetting xmlns:xsi="http://www.w3.org/2001/XMLSchema-instance" xmlns:xsd="http://www.w3.org/2001/XMLSchema">
  <records>
    <REF_PPW_LobbySpecialWeekRecord>
      <MultiLanguageSummarizeIdKr>1</MultiLanguageSummarizeIdKr>
      <MultiLanguageSummarizeIdSp>1</MultiLanguageSummarizeIdSp>
      <MultiLanguageSummarizeIdDe>3</MultiLanguageSummarizeIdDe>
      <MultiLanguageSummarizeIdIt>2</MultiLanguageSummarizeIdIt>
      <MultiLanguageSummarizeIdFr>2</MultiLanguageSummarizeIdFr>
      <MultiLanguageSummarizeIdUs>1</MultiLanguageSummarizeIdUs>
      <MultiLanguageSummarizeIdJp>1</MultiLanguageSummarizeIdJp>
      <QuestionNoKr>1001</QuestionNoKr>
      <QuestionNoSp>1001</QuestionNoSp>
      <QuestionNoDe>1003</QuestionNoDe>
      <QuestionNoIt>1002</QuestionNoIt>
      <QuestionNoFr>1002</QuestionNoFr>
      <QuestionNoUs>1000</QuestionNoUs>
      <QuestionNoJp>1000</QuestionNoJp>
      <QuestionSerialNo>100</QuestionSerialNo>
    </REF_PPW_LobbySpecialWeekRecord>
    <REF_PPW_LobbySpecialWeekRecord>
      <MultiLanguageSummarizeIdKr>7</MultiLanguageSummarizeIdKr>
      <MultiLanguageSummarizeIdSp>6</MultiLanguageSummarizeIdSp>
      <MultiLanguageSummarizeIdDe>5</MultiLanguageSummarizeIdDe>
      <MultiLanguageSummarizeIdIt>4</MultiLanguageSummarizeIdIt>
      <MultiLanguageSummarizeIdFr>3</MultiLanguageSummarizeIdFr>
      <MultiLanguageSummarizeIdUs>2</MultiLanguageSummarizeIdUs>
      <MultiLanguageSummarizeIdJp>1</MultiLanguageSummarizeIdJp>
      <QuestionNoKr>7</QuestionNoKr>
      <QuestionNoSp>6</QuestionNoSp>
      <QuestionNoDe>5</QuestionNoDe>
      <QuestionNoIt>4</QuestionNoIt>
      <QuestionNoFr>3</QuestionNoFr>
      <QuestionNoUs>2</QuestionNoUs>
      <QuestionNoJp>1</QuestionNoJp>
      <QuestionSerialNo>110</QuestionSerialNo>
    </REF_PPW_LobbySpecialWeekRecord>
    <REF_PPW_LobbySpecialWeekRecord>
      <MultiLanguageSummarizeIdKr>0</MultiLanguageSummarizeIdKr>
      <MultiLanguageSummarizeIdSp>0</MultiLanguageSummarizeIdSp>
      <MultiLanguageSummarizeIdDe>0</MultiLanguageSummarizeIdDe>
      <MultiLanguageSummarizeIdIt>0</MultiLanguageSummarizeIdIt>
      <MultiLanguageSummarizeIdFr>0</MultiLanguageSummarizeIdFr>
      <MultiLanguageSummarizeIdUs>0</MultiLanguageSummarizeIdUs>
      <MultiLanguageSummarizeIdJp>0</MultiLanguageSummarizeIdJp>
      <QuestionNoKr>0</QuestionNoKr>
      <QuestionNoSp>0</QuestionNoSp>
      <QuestionNoDe>0</QuestionNoDe>
      <QuestionNoIt>0</QuestionNoIt>
      <QuestionNoFr>0</QuestionNoFr>
      <QuestionNoUs>0</QuestionNoUs>
      <QuestionNoJp>0</QuestionNoJp>
      <QuestionSerialNo>0</QuestionSerialNo>
    </REF_PPW_LobbySpecialWeekRecord>
  </records>
</LobbySpecialWeekSetting>