<?xml version="1.0"?>
<LobbySchedules xmlns:xsi="http://www.w3.org/2001/XMLSchema-instance" xmlns:xsd="http://www.w3.org/2001/XMLSchema">
  <LobbySchedule>
    <scheduleBase>
      <startMonth>1</startMonth>
      <startDay>1</startDay>
      <startYear>2000</startYear>
      <lockTime>1200</lockTime>
      <roomFlag>0</roomFlag>
      <roomRateFire>20</roomRateFire>
      <roomRateWater>20</roomRateWater>
      <roomRateThunder>20</roomRateThunder>
      <roomRateGrass>20</roomRateGrass>
      <roomRateSecret>20</roomRateSecret>
      <season>0</season>
    </scheduleBase>
    <LobbyScheduleRecord>
      <Time>0</Time>
      <TimeEvent>NEON_A0</TimeEvent>
    </LobbyScheduleRecord>
    <LobbyScheduleRecord>
      <Time>0</Time>
      <TimeEvent>NEON_B0</TimeEvent>
    </LobbyScheduleRecord>
    <LobbyScheduleRecord>
      <Time>0</Time>
      <TimeEvent>NEON_C0</TimeEvent>
    </LobbyScheduleRecord>
    <LobbyScheduleRecord>
      <Time>780</Time>
      <TimeEvent>NEON_B1</TimeEvent>
    </LobbyScheduleRecord>
    <LobbyScheduleRecord>
      <Time>840</Time>
      <TimeEvent>NEON_A1</TimeEvent>
    </LobbyScheduleRecord>
    <LobbyScheduleRecord>
      <Time>840</Time>
      <TimeEvent>NEON_B2</TimeEvent>
    </LobbyScheduleRecord>
    <LobbyScheduleRecord>
      <Time>900</Time>
      <TimeEvent>NEON_A2</TimeEvent>
    </LobbyScheduleRecord>
    <LobbyScheduleRecord>
      <Time>900</Time>
      <TimeEvent>NEON_B3</TimeEvent>
    </LobbyScheduleRecord>
    <LobbyScheduleRecord>
      <Time>900</Time>
      <TimeEvent>NEON_C1</TimeEvent>
    </LobbyScheduleRecord>
    <LobbyScheduleRecord>
      <Time>960</Time>
      <TimeEvent>NEON_A3</TimeEvent>
    </LobbyScheduleRecord>
    <LobbyScheduleRecord>
      <Time>960</Time>
      <TimeEvent>NEON_B2</TimeEvent>
    </LobbyScheduleRecord>
    <LobbyScheduleRecord>
      <Time>960</Time>
      <TimeEvent>NEON_C2</TimeEvent>
    </LobbyScheduleRecord>
    <LobbyScheduleRecord>
      <Time>1020</Time>
      <TimeEvent>NEON_A4</TimeEvent>
    </LobbyScheduleRecord>
    <LobbyScheduleRecord>
      <Time>1020</Time>
      <TimeEvent>NEON_C3</TimeEvent>
    </LobbyScheduleRecord>
    <LobbyScheduleRecord>
      <Time>1020</Time>
      <TimeEvent>FIRE_WORKS_START</TimeEvent>
    </LobbyScheduleRecord>
    <LobbyScheduleRecord>
      <Time>1075</Time>
      <TimeEvent>PARADE</TimeEvent>
    </LobbyScheduleRecord>
    <LobbyScheduleRecord>
      <Time>1080</Time>
      <TimeEvent>NEON_A5</TimeEvent>
    </LobbyScheduleRecord>
    <LobbyScheduleRecord>
      <Time>1080</Time>
      <TimeEvent>NEON_C2</TimeEvent>
    </LobbyScheduleRecord>
    <LobbyScheduleRecord>
      <Time>1080</Time>
      <TimeEvent>FIRE_WORKS_END</TimeEvent>
    </LobbyScheduleRecord>
    <LobbyScheduleRecord>
      <Time>1140</Time>
      <TimeEvent>NEON_C0</TimeEvent>
    </LobbyScheduleRecord>
    <LobbyScheduleRecord>
      <Time>1200</Time>
      <TimeEvent>CLOSE</TimeEvent>
    </LobbyScheduleRecord>
    <StartDate>2000-01-01T00:00:00</StartDate>
    <LockTime>1200</LockTime>
    <RoomFlag>0</RoomFlag>
    <RoomRate1>20</RoomRate1>
    <RoomRate2>20</RoomRate2>
    <RoomRate3>20</RoomRate3>
    <RoomRate4>20</RoomRate4>
    <RoomRate5>20</RoomRate5>
    <Season>0</Season>
    <EnumSeason>NORMAL</EnumSeason>
    <ScheduleRecordNum>21</ScheduleRecordNum>
  </LobbySchedule>
  <LobbySchedule>
    <scheduleBase>
      <startMonth>5</startMonth>
      <startDay>1</startDay>
      <startYear>2008</startYear>
      <lockTime>600</lockTime>
      <roomFlag>0</roomFlag>
      <roomRateFire>10</roomRateFire>
      <roomRateWater>20</roomRateWater>
      <roomRateThunder>30</roomRateThunder>
      <roomRateGrass>10</roomRateGrass>
      <roomRateSecret>30</roomRateSecret>
      <season>1</season>
    </scheduleBase>
    <LobbyScheduleRecord>
      <Time>0</Time>
      <TimeEvent>NEON_A0</TimeEvent>
    </LobbyScheduleRecord>
    <LobbyScheduleRecord>
      <Time>0</Time>
      <TimeEvent>NEON_B0</TimeEvent>
    </LobbyScheduleRecord>
    <LobbyScheduleRecord>
      <Time>0</Time>
      <TimeEvent>NEON_C0</TimeEvent>
    </LobbyScheduleRecord>
    <LobbyScheduleRecord>
      <Time>780</Time>
      <TimeEvent>NEON_B1</TimeEvent>
    </LobbyScheduleRecord>
    <LobbyScheduleRecord>
      <Time>840</Time>
      <TimeEvent>NEON_A1</TimeEvent>
    </LobbyScheduleRecord>
    <LobbyScheduleRecord>
      <Time>840</Time>
      <TimeEvent>NEON_B2</TimeEvent>
    </LobbyScheduleRecord>
    <LobbyScheduleRecord>
      <Time>900</Time>
      <TimeEvent>NEON_A2</TimeEvent>
    </LobbyScheduleRecord>
    <LobbyScheduleRecord>
      <Time>900</Time>
      <TimeEvent>NEON_B3</TimeEvent>
    </LobbyScheduleRecord>
    <LobbyScheduleRecord>
      <Time>900</Time>
      <TimeEvent>NEON_C1</TimeEvent>
    </LobbyScheduleRecord>
    <LobbyScheduleRecord>
      <Time>960</Time>
      <TimeEvent>NEON_A3</TimeEvent>
    </LobbyScheduleRecord>
    <LobbyScheduleRecord>
      <Time>960</Time>
      <TimeEvent>NEON_B2</TimeEvent>
    </LobbyScheduleRecord>
    <LobbyScheduleRecord>
      <Time>960</Time>
      <TimeEvent>NEON_C2</TimeEvent>
    </LobbyScheduleRecord>
    <LobbyScheduleRecord>
      <Time>1020</Time>
      <TimeEvent>NEON_A4</TimeEvent>
    </LobbyScheduleRecord>
    <LobbyScheduleRecord>
      <Time>1020</Time>
      <TimeEvent>NEON_C3</TimeEvent>
    </LobbyScheduleRecord>
    <LobbyScheduleRecord>
      <Time>1020</Time>
      <TimeEvent>FIRE_WORKS_START</TimeEvent>
    </LobbyScheduleRecord>
    <LobbyScheduleRecord>
      <Time>1075</Time>
      <TimeEvent>PARADE</TimeEvent>
    </LobbyScheduleRecord>
    <LobbyScheduleRecord>
      <Time>1080</Time>
      <TimeEvent>NEON_A5</TimeEvent>
    </LobbyScheduleRecord>
    <LobbyScheduleRecord>
      <Time>1080</Time>
      <TimeEvent>NEON_C2</TimeEvent>
    </LobbyScheduleRecord>
    <LobbyScheduleRecord>
      <Time>1080</Time>
      <TimeEvent>FIRE_WORKS_END</TimeEvent>
    </LobbyScheduleRecord>
    <LobbyScheduleRecord>
      <Time>1140</Time>
      <TimeEvent>NEON_C0</TimeEvent>
    </LobbyScheduleRecord>
    <LobbyScheduleRecord>
      <Time>1200</Time>
      <TimeEvent>CLOSE</TimeEvent>
    </LobbyScheduleRecord>
    <StartDate>2008-05-01T00:00:00</StartDate>
    <LockTime>600</LockTime>
    <RoomFlag>0</RoomFlag>
    <RoomRate1>10</RoomRate1>
    <RoomRate2>20</RoomRate2>
    <RoomRate3>30</RoomRate3>
    <RoomRate4>10</RoomRate4>
    <RoomRate5>30</RoomRate5>
    <Season>1</Season>
    <EnumSeason>SPRING</EnumSeason>
    <ScheduleRecordNum>21</ScheduleRecordNum>
  </LobbySchedule>
</LobbySchedules>