<?xml version="1.0"?>
<VipSetting xmlns:xsi="http://www.w3.org/2001/XMLSchema-instance" xmlns:xsd="http://www.w3.org/2001/XMLSchema">
  <id>0</id>
  <requestVersion>1</requestVersion>
  <romVersion>0</romVersion>
  <language>0</language>
  <vipSettingRecords>
    <LobbyVipSettingRecord>
      <StartMonth>1</StartMonth>
      <StartDay>1</StartDay>
      <StartYear>2008</StartYear>
      <StartDate>2008-01-01T00:00:00</StartDate>
      <EndMonth>5</EndMonth>
      <EndDay>1</EndDay>
      <EndYear>2008</EndYear>
      <EndDate>2008-05-01T00:00:00</EndDate>
      <ProfileId>100000</ProfileId>
      <EventId>1</EventId>
    </LobbyVipSettingRecord>
    <LobbyVipSettingRecord>
      <StartMonth>4</StartMonth>
      <StartDay>2</StartDay>
      <StartYear>2008</StartYear>
      <StartDate>2008-04-02T00:00:00</StartDate>
      <EndMonth>5</EndMonth>
      <EndDay>5</EndDay>
      <EndYear>2008</EndYear>
      <EndDate>2008-05-05T00:00:00</EndDate>
      <ProfileId>100001</ProfileId>
      <EventId>0</EventId>
    </LobbyVipSettingRecord>
    <LobbyVipSettingRecord>
      <StartMonth>4</StartMonth>
      <StartDay>2</StartDay>
      <StartYear>2008</StartYear>
      <StartDate>2008-04-02T00:00:00</StartDate>
      <EndMonth>5</EndMonth>
      <EndDay>5</EndDay>
      <EndYear>2008</EndYear>
      <EndDate>2008-05-05T00:00:00</EndDate>
      <ProfileId>100002</ProfileId>
      <EventId>2</EventId>
    </LobbyVipSettingRecord>
  </vipSettingRecords>
</VipSetting>